pokedex_number,name,type1,type2,isDark,isFire,isGround,isElectric,isFlying,isRock,isGhost,isWater,isSteel,isFighting,isFairy,isPsychic,isDragon,isBug,isIce,isPoison,isNormal,isGrass
1,Bulbasaur,grass,poison,0,0,0,0,0,0,0,0,0,0,0,0,0,0,0,1,0,1
2,Ivysaur,grass,poison,0,0,0,0,0,0,0,0,0,0,0,0,0,0,0,1,0,1
3,Venusaur,grass,poison,0,0,0,0,0,0,0,0,0,0,0,0,0,0,0,1,0,1
4,Charmander,fire,,0,1,0,0,0,0,0,0,0,0,0,0,0,0,0,0,0,0
5,Charmeleon,fire,,0,1,0,0,0,0,0,0,0,0,0,0,0,0,0,0,0,0
6,Charizard,fire,flying,0,1,0,0,1,0,0,0,0,0,0,0,0,0,0,0,0,0
7,Squirtle,water,,0,0,0,0,0,0,0,1,0,0,0,0,0,0,0,0,0,0
8,Wartortle,water,,0,0,0,0,0,0,0,1,0,0,0,0,0,0,0,0,0,0
9,Blastoise,water,,0,0,0,0,0,0,0,1,0,0,0,0,0,0,0,0,0,0
10,Caterpie,bug,,0,0,0,0,0,0,0,0,0,0,0,0,0,1,0,0,0,0
11,Metapod,bug,,0,0,0,0,0,0,0,0,0,0,0,0,0,1,0,0,0,0
12,Butterfree,bug,flying,0,0,0,0,1,0,0,0,0,0,0,0,0,1,0,0,0,0
13,Weedle,bug,poison,0,0,0,0,0,0,0,0,0,0,0,0,0,1,0,1,0,0
14,Kakuna,bug,poison,0,0,0,0,0,0,0,0,0,0,0,0,0,1,0,1,0,0
15,Beedrill,bug,poison,0,0,0,0,0,0,0,0,0,0,0,0,0,1,0,1,0,0
16,Pidgey,normal,flying,0,0,0,0,1,0,0,0,0,0,0,0,0,0,0,0,1,0
17,Pidgeotto,normal,flying,0,0,0,0,1,0,0,0,0,0,0,0,0,0,0,0,1,0
18,Pidgeot,normal,flying,0,0,0,0,1,0,0,0,0,0,0,0,0,0,0,0,1,0
19,Rattata,normal,dark,1,0,0,0,0,0,0,0,0,0,0,0,0,0,0,0,1,0
20,Raticate,normal,dark,1,0,0,0,0,0,0,0,0,0,0,0,0,0,0,0,1,0
21,Spearow,normal,flying,0,0,0,0,1,0,0,0,0,0,0,0,0,0,0,0,1,0
22,Fearow,normal,flying,0,0,0,0,1,0,0,0,0,0,0,0,0,0,0,0,1,0
23,Ekans,poison,,0,0,0,0,0,0,0,0,0,0,0,0,0,0,0,1,0,0
24,Arbok,poison,,0,0,0,0,0,0,0,0,0,0,0,0,0,0,0,1,0,0
25,Pikachu,electric,,0,0,0,1,0,0,0,0,0,0,0,0,0,0,0,0,0,0
26,Raichu,electric,electric,0,0,0,1,0,0,0,0,0,0,0,0,0,0,0,0,0,0
27,Sandshrew,ground,ice,0,0,1,0,0,0,0,0,0,0,0,0,0,0,1,0,0,0
28,Sandslash,ground,ice,0,0,1,0,0,0,0,0,0,0,0,0,0,0,1,0,0,0
29,Nidoran♀,poison,,0,0,0,0,0,0,0,0,0,0,0,0,0,0,0,1,0,0
30,Nidorina,poison,,0,0,0,0,0,0,0,0,0,0,0,0,0,0,0,1,0,0
31,Nidoqueen,poison,ground,0,0,1,0,0,0,0,0,0,0,0,0,0,0,0,1,0,0
32,Nidoran♂,poison,,0,0,0,0,0,0,0,0,0,0,0,0,0,0,0,1,0,0
33,Nidorino,poison,,0,0,0,0,0,0,0,0,0,0,0,0,0,0,0,1,0,0
34,Nidoking,poison,ground,0,0,1,0,0,0,0,0,0,0,0,0,0,0,0,1,0,0
35,Clefairy,fairy,,0,0,0,0,0,0,0,0,0,0,1,0,0,0,0,0,0,0
36,Clefable,fairy,,0,0,0,0,0,0,0,0,0,0,1,0,0,0,0,0,0,0
37,Vulpix,fire,ice,0,1,0,0,0,0,0,0,0,0,0,0,0,0,1,0,0,0
38,Ninetales,fire,ice,0,1,0,0,0,0,0,0,0,0,0,0,0,0,1,0,0,0
39,Jigglypuff,normal,fairy,0,0,0,0,0,0,0,0,0,0,1,0,0,0,0,0,1,0
40,Wigglytuff,normal,fairy,0,0,0,0,0,0,0,0,0,0,1,0,0,0,0,0,1,0
41,Zubat,poison,flying,0,0,0,0,1,0,0,0,0,0,0,0,0,0,0,1,0,0
42,Golbat,poison,flying,0,0,0,0,1,0,0,0,0,0,0,0,0,0,0,1,0,0
43,Oddish,grass,poison,0,0,0,0,0,0,0,0,0,0,0,0,0,0,0,1,0,1
44,Gloom,grass,poison,0,0,0,0,0,0,0,0,0,0,0,0,0,0,0,1,0,1
45,Vileplume,grass,poison,0,0,0,0,0,0,0,0,0,0,0,0,0,0,0,1,0,1
46,Paras,bug,grass,0,0,0,0,0,0,0,0,0,0,0,0,0,1,0,0,0,1
47,Parasect,bug,grass,0,0,0,0,0,0,0,0,0,0,0,0,0,1,0,0,0,1
48,Venonat,bug,poison,0,0,0,0,0,0,0,0,0,0,0,0,0,1,0,1,0,0
49,Venomoth,bug,poison,0,0,0,0,0,0,0,0,0,0,0,0,0,1,0,1,0,0
50,Diglett,ground,ground,0,0,1,0,0,0,0,0,0,0,0,0,0,0,0,0,0,0
51,Dugtrio,ground,ground,0,0,1,0,0,0,0,0,0,0,0,0,0,0,0,0,0,0
52,Meowth,normal,dark,1,0,0,0,0,0,0,0,0,0,0,0,0,0,0,0,1,0
53,Persian,normal,dark,1,0,0,0,0,0,0,0,0,0,0,0,0,0,0,0,1,0
54,Psyduck,water,,0,0,0,0,0,0,0,1,0,0,0,0,0,0,0,0,0,0
55,Golduck,water,,0,0,0,0,0,0,0,1,0,0,0,0,0,0,0,0,0,0
56,Mankey,fighting,,0,0,0,0,0,0,0,0,0,1,0,0,0,0,0,0,0,0
57,Primeape,fighting,,0,0,0,0,0,0,0,0,0,1,0,0,0,0,0,0,0,0
58,Growlithe,fire,,0,1,0,0,0,0,0,0,0,0,0,0,0,0,0,0,0,0
59,Arcanine,fire,,0,1,0,0,0,0,0,0,0,0,0,0,0,0,0,0,0,0
60,Poliwag,water,,0,0,0,0,0,0,0,1,0,0,0,0,0,0,0,0,0,0
61,Poliwhirl,water,,0,0,0,0,0,0,0,1,0,0,0,0,0,0,0,0,0,0
62,Poliwrath,water,fighting,0,0,0,0,0,0,0,1,0,1,0,0,0,0,0,0,0,0
63,Abra,psychic,,0,0,0,0,0,0,0,0,0,0,0,1,0,0,0,0,0,0
64,Kadabra,psychic,,0,0,0,0,0,0,0,0,0,0,0,1,0,0,0,0,0,0
65,Alakazam,psychic,,0,0,0,0,0,0,0,0,0,0,0,1,0,0,0,0,0,0
66,Machop,fighting,,0,0,0,0,0,0,0,0,0,1,0,0,0,0,0,0,0,0
67,Machoke,fighting,,0,0,0,0,0,0,0,0,0,1,0,0,0,0,0,0,0,0
68,Machamp,fighting,,0,0,0,0,0,0,0,0,0,1,0,0,0,0,0,0,0,0
69,Bellsprout,grass,poison,0,0,0,0,0,0,0,0,0,0,0,0,0,0,0,1,0,1
70,Weepinbell,grass,poison,0,0,0,0,0,0,0,0,0,0,0,0,0,0,0,1,0,1
71,Victreebel,grass,poison,0,0,0,0,0,0,0,0,0,0,0,0,0,0,0,1,0,1
72,Tentacool,water,poison,0,0,0,0,0,0,0,1,0,0,0,0,0,0,0,1,0,0
73,Tentacruel,water,poison,0,0,0,0,0,0,0,1,0,0,0,0,0,0,0,1,0,0
74,Geodude,rock,ground,0,0,1,0,0,1,0,0,0,0,0,0,0,0,0,0,0,0
75,Graveler,rock,ground,0,0,1,0,0,1,0,0,0,0,0,0,0,0,0,0,0,0
76,Golem,rock,ground,0,0,1,0,0,1,0,0,0,0,0,0,0,0,0,0,0,0
77,Ponyta,fire,,0,1,0,0,0,0,0,0,0,0,0,0,0,0,0,0,0,0
78,Rapidash,fire,,0,1,0,0,0,0,0,0,0,0,0,0,0,0,0,0,0,0
79,Slowpoke,water,psychic,0,0,0,0,0,0,0,1,0,0,0,1,0,0,0,0,0,0
80,Slowbro,water,psychic,0,0,0,0,0,0,0,1,0,0,0,1,0,0,0,0,0,0
81,Magnemite,electric,steel,0,0,0,1,0,0,0,0,1,0,0,0,0,0,0,0,0,0
82,Magneton,electric,steel,0,0,0,1,0,0,0,0,1,0,0,0,0,0,0,0,0,0
83,Farfetch'd,normal,flying,0,0,0,0,1,0,0,0,0,0,0,0,0,0,0,0,1,0
84,Doduo,normal,flying,0,0,0,0,1,0,0,0,0,0,0,0,0,0,0,0,1,0
85,Dodrio,normal,flying,0,0,0,0,1,0,0,0,0,0,0,0,0,0,0,0,1,0
86,Seel,water,,0,0,0,0,0,0,0,1,0,0,0,0,0,0,0,0,0,0
87,Dewgong,water,ice,0,0,0,0,0,0,0,1,0,0,0,0,0,0,1,0,0,0
88,Grimer,poison,poison,0,0,0,0,0,0,0,0,0,0,0,0,0,0,0,1,0,0
89,Muk,poison,poison,0,0,0,0,0,0,0,0,0,0,0,0,0,0,0,1,0,0
90,Shellder,water,,0,0,0,0,0,0,0,1,0,0,0,0,0,0,0,0,0,0
91,Cloyster,water,ice,0,0,0,0,0,0,0,1,0,0,0,0,0,0,1,0,0,0
92,Gastly,ghost,poison,0,0,0,0,0,0,1,0,0,0,0,0,0,0,0,1,0,0
93,Haunter,ghost,poison,0,0,0,0,0,0,1,0,0,0,0,0,0,0,0,1,0,0
94,Gengar,ghost,poison,0,0,0,0,0,0,1,0,0,0,0,0,0,0,0,1,0,0
95,Onix,rock,ground,0,0,1,0,0,1,0,0,0,0,0,0,0,0,0,0,0,0
96,Drowzee,psychic,,0,0,0,0,0,0,0,0,0,0,0,1,0,0,0,0,0,0
97,Hypno,psychic,,0,0,0,0,0,0,0,0,0,0,0,1,0,0,0,0,0,0
98,Krabby,water,,0,0,0,0,0,0,0,1,0,0,0,0,0,0,0,0,0,0
99,Kingler,water,,0,0,0,0,0,0,0,1,0,0,0,0,0,0,0,0,0,0
100,Voltorb,electric,,0,0,0,1,0,0,0,0,0,0,0,0,0,0,0,0,0,0
101,Electrode,electric,,0,0,0,1,0,0,0,0,0,0,0,0,0,0,0,0,0,0
102,Exeggcute,grass,psychic,0,0,0,0,0,0,0,0,0,0,0,1,0,0,0,0,0,1
103,Exeggutor,grass,psychic,0,0,0,0,0,0,0,0,0,0,0,1,0,0,0,0,0,1
104,Cubone,ground,,0,0,1,0,0,0,0,0,0,0,0,0,0,0,0,0,0,0
105,Marowak,ground,fire,0,1,1,0,0,0,0,0,0,0,0,0,0,0,0,0,0,0
106,Hitmonlee,fighting,,0,0,0,0,0,0,0,0,0,1,0,0,0,0,0,0,0,0
107,Hitmonchan,fighting,,0,0,0,0,0,0,0,0,0,1,0,0,0,0,0,0,0,0
108,Lickitung,normal,,0,0,0,0,0,0,0,0,0,0,0,0,0,0,0,0,1,0
109,Koffing,poison,,0,0,0,0,0,0,0,0,0,0,0,0,0,0,0,1,0,0
110,Weezing,poison,,0,0,0,0,0,0,0,0,0,0,0,0,0,0,0,1,0,0
111,Rhyhorn,ground,rock,0,0,1,0,0,1,0,0,0,0,0,0,0,0,0,0,0,0
112,Rhydon,ground,rock,0,0,1,0,0,1,0,0,0,0,0,0,0,0,0,0,0,0
113,Chansey,normal,,0,0,0,0,0,0,0,0,0,0,0,0,0,0,0,0,1,0
114,Tangela,grass,,0,0,0,0,0,0,0,0,0,0,0,0,0,0,0,0,0,1
115,Kangaskhan,normal,,0,0,0,0,0,0,0,0,0,0,0,0,0,0,0,0,1,0
116,Horsea,water,,0,0,0,0,0,0,0,1,0,0,0,0,0,0,0,0,0,0
117,Seadra,water,,0,0,0,0,0,0,0,1,0,0,0,0,0,0,0,0,0,0
118,Goldeen,water,,0,0,0,0,0,0,0,1,0,0,0,0,0,0,0,0,0,0
119,Seaking,water,,0,0,0,0,0,0,0,1,0,0,0,0,0,0,0,0,0,0
120,Staryu,water,,0,0,0,0,0,0,0,1,0,0,0,0,0,0,0,0,0,0
121,Starmie,water,psychic,0,0,0,0,0,0,0,1,0,0,0,1,0,0,0,0,0,0
122,Mr. Mime,psychic,fairy,0,0,0,0,0,0,0,0,0,0,1,1,0,0,0,0,0,0
123,Scyther,bug,flying,0,0,0,0,1,0,0,0,0,0,0,0,0,1,0,0,0,0
124,Jynx,ice,psychic,0,0,0,0,0,0,0,0,0,0,0,1,0,0,1,0,0,0
125,Electabuzz,electric,,0,0,0,1,0,0,0,0,0,0,0,0,0,0,0,0,0,0
126,Magmar,fire,,0,1,0,0,0,0,0,0,0,0,0,0,0,0,0,0,0,0
127,Pinsir,bug,,0,0,0,0,0,0,0,0,0,0,0,0,0,1,0,0,0,0
128,Tauros,normal,,0,0,0,0,0,0,0,0,0,0,0,0,0,0,0,0,1,0
129,Magikarp,water,,0,0,0,0,0,0,0,1,0,0,0,0,0,0,0,0,0,0
130,Gyarados,water,flying,0,0,0,0,1,0,0,1,0,0,0,0,0,0,0,0,0,0
131,Lapras,water,ice,0,0,0,0,0,0,0,1,0,0,0,0,0,0,1,0,0,0
132,Ditto,normal,,0,0,0,0,0,0,0,0,0,0,0,0,0,0,0,0,1,0
133,Eevee,normal,,0,0,0,0,0,0,0,0,0,0,0,0,0,0,0,0,1,0
134,Vaporeon,water,,0,0,0,0,0,0,0,1,0,0,0,0,0,0,0,0,0,0
135,Jolteon,electric,,0,0,0,1,0,0,0,0,0,0,0,0,0,0,0,0,0,0
136,Flareon,fire,,0,1,0,0,0,0,0,0,0,0,0,0,0,0,0,0,0,0
137,Porygon,normal,,0,0,0,0,0,0,0,0,0,0,0,0,0,0,0,0,1,0
138,Omanyte,rock,water,0,0,0,0,0,1,0,1,0,0,0,0,0,0,0,0,0,0
139,Omastar,rock,water,0,0,0,0,0,1,0,1,0,0,0,0,0,0,0,0,0,0
140,Kabuto,rock,water,0,0,0,0,0,1,0,1,0,0,0,0,0,0,0,0,0,0
141,Kabutops,rock,water,0,0,0,0,0,1,0,1,0,0,0,0,0,0,0,0,0,0
142,Aerodactyl,rock,flying,0,0,0,0,1,1,0,0,0,0,0,0,0,0,0,0,0,0
143,Snorlax,normal,,0,0,0,0,0,0,0,0,0,0,0,0,0,0,0,0,1,0
144,Articuno,ice,flying,0,0,0,0,1,0,0,0,0,0,0,0,0,0,1,0,0,0
145,Zapdos,electric,flying,0,0,0,1,1,0,0,0,0,0,0,0,0,0,0,0,0,0
146,Moltres,fire,flying,0,1,0,0,1,0,0,0,0,0,0,0,0,0,0,0,0,0
147,Dratini,dragon,,0,0,0,0,0,0,0,0,0,0,0,0,1,0,0,0,0,0
148,Dragonair,dragon,,0,0,0,0,0,0,0,0,0,0,0,0,1,0,0,0,0,0
149,Dragonite,dragon,flying,0,0,0,0,1,0,0,0,0,0,0,0,1,0,0,0,0,0
150,Mewtwo,psychic,,0,0,0,0,0,0,0,0,0,0,0,1,0,0,0,0,0,0
151,Mew,psychic,,0,0,0,0,0,0,0,0,0,0,0,1,0,0,0,0,0,0
152,Chikorita,grass,,0,0,0,0,0,0,0,0,0,0,0,0,0,0,0,0,0,1
153,Bayleef,grass,,0,0,0,0,0,0,0,0,0,0,0,0,0,0,0,0,0,1
154,Meganium,grass,,0,0,0,0,0,0,0,0,0,0,0,0,0,0,0,0,0,1
155,Cyndaquil,fire,,0,1,0,0,0,0,0,0,0,0,0,0,0,0,0,0,0,0
156,Quilava,fire,,0,1,0,0,0,0,0,0,0,0,0,0,0,0,0,0,0,0
157,Typhlosion,fire,,0,1,0,0,0,0,0,0,0,0,0,0,0,0,0,0,0,0
158,Totodile,water,,0,0,0,0,0,0,0,1,0,0,0,0,0,0,0,0,0,0
159,Croconaw,water,,0,0,0,0,0,0,0,1,0,0,0,0,0,0,0,0,0,0
160,Feraligatr,water,,0,0,0,0,0,0,0,1,0,0,0,0,0,0,0,0,0,0
161,Sentret,normal,,0,0,0,0,0,0,0,0,0,0,0,0,0,0,0,0,1,0
162,Furret,normal,,0,0,0,0,0,0,0,0,0,0,0,0,0,0,0,0,1,0
163,Hoothoot,normal,flying,0,0,0,0,1,0,0,0,0,0,0,0,0,0,0,0,1,0
164,Noctowl,normal,flying,0,0,0,0,1,0,0,0,0,0,0,0,0,0,0,0,1,0
165,Ledyba,bug,flying,0,0,0,0,1,0,0,0,0,0,0,0,0,1,0,0,0,0
166,Ledian,bug,flying,0,0,0,0,1,0,0,0,0,0,0,0,0,1,0,0,0,0
167,Spinarak,bug,poison,0,0,0,0,0,0,0,0,0,0,0,0,0,1,0,1,0,0
168,Ariados,bug,poison,0,0,0,0,0,0,0,0,0,0,0,0,0,1,0,1,0,0
169,Crobat,poison,flying,0,0,0,0,1,0,0,0,0,0,0,0,0,0,0,1,0,0
170,Chinchou,water,electric,0,0,0,1,0,0,0,1,0,0,0,0,0,0,0,0,0,0
171,Lanturn,water,electric,0,0,0,1,0,0,0,1,0,0,0,0,0,0,0,0,0,0
172,Pichu,electric,,0,0,0,1,0,0,0,0,0,0,0,0,0,0,0,0,0,0
173,Cleffa,fairy,,0,0,0,0,0,0,0,0,0,0,1,0,0,0,0,0,0,0
174,Igglybuff,normal,fairy,0,0,0,0,0,0,0,0,0,0,1,0,0,0,0,0,1,0
175,Togepi,fairy,,0,0,0,0,0,0,0,0,0,0,1,0,0,0,0,0,0,0
176,Togetic,fairy,flying,0,0,0,0,1,0,0,0,0,0,1,0,0,0,0,0,0,0
177,Natu,psychic,flying,0,0,0,0,1,0,0,0,0,0,0,1,0,0,0,0,0,0
178,Xatu,psychic,flying,0,0,0,0,1,0,0,0,0,0,0,1,0,0,0,0,0,0
179,Mareep,electric,,0,0,0,1,0,0,0,0,0,0,0,0,0,0,0,0,0,0
180,Flaaffy,electric,,0,0,0,1,0,0,0,0,0,0,0,0,0,0,0,0,0,0
181,Ampharos,electric,,0,0,0,1,0,0,0,0,0,0,0,0,0,0,0,0,0,0
182,Bellossom,grass,,0,0,0,0,0,0,0,0,0,0,0,0,0,0,0,0,0,1
183,Marill,water,fairy,0,0,0,0,0,0,0,1,0,0,1,0,0,0,0,0,0,0
184,Azumarill,water,fairy,0,0,0,0,0,0,0,1,0,0,1,0,0,0,0,0,0,0
185,Sudowoodo,rock,,0,0,0,0,0,1,0,0,0,0,0,0,0,0,0,0,0,0
186,Politoed,water,,0,0,0,0,0,0,0,1,0,0,0,0,0,0,0,0,0,0
187,Hoppip,grass,flying,0,0,0,0,1,0,0,0,0,0,0,0,0,0,0,0,0,1
188,Skiploom,grass,flying,0,0,0,0,1,0,0,0,0,0,0,0,0,0,0,0,0,1
189,Jumpluff,grass,flying,0,0,0,0,1,0,0,0,0,0,0,0,0,0,0,0,0,1
190,Aipom,normal,,0,0,0,0,0,0,0,0,0,0,0,0,0,0,0,0,1,0
191,Sunkern,grass,,0,0,0,0,0,0,0,0,0,0,0,0,0,0,0,0,0,1
192,Sunflora,grass,,0,0,0,0,0,0,0,0,0,0,0,0,0,0,0,0,0,1
193,Yanma,bug,flying,0,0,0,0,1,0,0,0,0,0,0,0,0,1,0,0,0,0
194,Wooper,water,ground,0,0,1,0,0,0,0,1,0,0,0,0,0,0,0,0,0,0
195,Quagsire,water,ground,0,0,1,0,0,0,0,1,0,0,0,0,0,0,0,0,0,0
196,Espeon,psychic,,0,0,0,0,0,0,0,0,0,0,0,1,0,0,0,0,0,0
197,Umbreon,dark,,1,0,0,0,0,0,0,0,0,0,0,0,0,0,0,0,0,0
198,Murkrow,dark,flying,1,0,0,0,1,0,0,0,0,0,0,0,0,0,0,0,0,0
199,Slowking,water,psychic,0,0,0,0,0,0,0,1,0,0,0,1,0,0,0,0,0,0
200,Misdreavus,ghost,,0,0,0,0,0,0,1,0,0,0,0,0,0,0,0,0,0,0
201,Unown,psychic,,0,0,0,0,0,0,0,0,0,0,0,1,0,0,0,0,0,0
202,Wobbuffet,psychic,,0,0,0,0,0,0,0,0,0,0,0,1,0,0,0,0,0,0
203,Girafarig,normal,psychic,0,0,0,0,0,0,0,0,0,0,0,1,0,0,0,0,1,0
204,Pineco,bug,,0,0,0,0,0,0,0,0,0,0,0,0,0,1,0,0,0,0
205,Forretress,bug,steel,0,0,0,0,0,0,0,0,1,0,0,0,0,1,0,0,0,0
206,Dunsparce,normal,,0,0,0,0,0,0,0,0,0,0,0,0,0,0,0,0,1,0
207,Gligar,ground,flying,0,0,1,0,1,0,0,0,0,0,0,0,0,0,0,0,0,0
208,Steelix,steel,ground,0,0,1,0,0,0,0,0,1,0,0,0,0,0,0,0,0,0
209,Snubbull,fairy,,0,0,0,0,0,0,0,0,0,0,1,0,0,0,0,0,0,0
210,Granbull,fairy,,0,0,0,0,0,0,0,0,0,0,1,0,0,0,0,0,0,0
211,Qwilfish,water,poison,0,0,0,0,0,0,0,1,0,0,0,0,0,0,0,1,0,0
212,Scizor,bug,steel,0,0,0,0,0,0,0,0,1,0,0,0,0,1,0,0,0,0
213,Shuckle,bug,rock,0,0,0,0,0,1,0,0,0,0,0,0,0,1,0,0,0,0
214,Heracross,bug,fighting,0,0,0,0,0,0,0,0,0,1,0,0,0,1,0,0,0,0
215,Sneasel,dark,ice,1,0,0,0,0,0,0,0,0,0,0,0,0,0,1,0,0,0
216,Teddiursa,normal,,0,0,0,0,0,0,0,0,0,0,0,0,0,0,0,0,1,0
217,Ursaring,normal,,0,0,0,0,0,0,0,0,0,0,0,0,0,0,0,0,1,0
218,Slugma,fire,,0,1,0,0,0,0,0,0,0,0,0,0,0,0,0,0,0,0
219,Magcargo,fire,rock,0,1,0,0,0,1,0,0,0,0,0,0,0,0,0,0,0,0
220,Swinub,ice,ground,0,0,1,0,0,0,0,0,0,0,0,0,0,0,1,0,0,0
221,Piloswine,ice,ground,0,0,1,0,0,0,0,0,0,0,0,0,0,0,1,0,0,0
222,Corsola,water,rock,0,0,0,0,0,1,0,1,0,0,0,0,0,0,0,0,0,0
223,Remoraid,water,,0,0,0,0,0,0,0,1,0,0,0,0,0,0,0,0,0,0
224,Octillery,water,,0,0,0,0,0,0,0,1,0,0,0,0,0,0,0,0,0,0
225,Delibird,ice,flying,0,0,0,0,1,0,0,0,0,0,0,0,0,0,1,0,0,0
226,Mantine,water,flying,0,0,0,0,1,0,0,1,0,0,0,0,0,0,0,0,0,0
227,Skarmory,steel,flying,0,0,0,0,1,0,0,0,1,0,0,0,0,0,0,0,0,0
228,Houndour,dark,fire,1,1,0,0,0,0,0,0,0,0,0,0,0,0,0,0,0,0
229,Houndoom,dark,fire,1,1,0,0,0,0,0,0,0,0,0,0,0,0,0,0,0,0
230,Kingdra,water,dragon,0,0,0,0,0,0,0,1,0,0,0,0,1,0,0,0,0,0
231,Phanpy,ground,,0,0,1,0,0,0,0,0,0,0,0,0,0,0,0,0,0,0
232,Donphan,ground,,0,0,1,0,0,0,0,0,0,0,0,0,0,0,0,0,0,0
233,Porygon2,normal,,0,0,0,0,0,0,0,0,0,0,0,0,0,0,0,0,1,0
234,Stantler,normal,,0,0,0,0,0,0,0,0,0,0,0,0,0,0,0,0,1,0
235,Smeargle,normal,,0,0,0,0,0,0,0,0,0,0,0,0,0,0,0,0,1,0
236,Tyrogue,fighting,,0,0,0,0,0,0,0,0,0,1,0,0,0,0,0,0,0,0
237,Hitmontop,fighting,,0,0,0,0,0,0,0,0,0,1,0,0,0,0,0,0,0,0
238,Smoochum,ice,psychic,0,0,0,0,0,0,0,0,0,0,0,1,0,0,1,0,0,0
239,Elekid,electric,,0,0,0,1,0,0,0,0,0,0,0,0,0,0,0,0,0,0
240,Magby,fire,,0,1,0,0,0,0,0,0,0,0,0,0,0,0,0,0,0,0
241,Miltank,normal,,0,0,0,0,0,0,0,0,0,0,0,0,0,0,0,0,1,0
242,Blissey,normal,,0,0,0,0,0,0,0,0,0,0,0,0,0,0,0,0,1,0
243,Raikou,electric,,0,0,0,1,0,0,0,0,0,0,0,0,0,0,0,0,0,0
244,Entei,fire,,0,1,0,0,0,0,0,0,0,0,0,0,0,0,0,0,0,0
245,Suicune,water,,0,0,0,0,0,0,0,1,0,0,0,0,0,0,0,0,0,0
246,Larvitar,rock,ground,0,0,1,0,0,1,0,0,0,0,0,0,0,0,0,0,0,0
247,Pupitar,rock,ground,0,0,1,0,0,1,0,0,0,0,0,0,0,0,0,0,0,0
248,Tyranitar,rock,dark,1,0,0,0,0,1,0,0,0,0,0,0,0,0,0,0,0,0
249,Lugia,psychic,flying,0,0,0,0,1,0,0,0,0,0,0,1,0,0,0,0,0,0
250,Ho-Oh,fire,flying,0,1,0,0,1,0,0,0,0,0,0,0,0,0,0,0,0,0
251,Celebi,psychic,grass,0,0,0,0,0,0,0,0,0,0,0,1,0,0,0,0,0,1
252,Treecko,grass,,0,0,0,0,0,0,0,0,0,0,0,0,0,0,0,0,0,1
253,Grovyle,grass,,0,0,0,0,0,0,0,0,0,0,0,0,0,0,0,0,0,1
254,Sceptile,grass,,0,0,0,0,0,0,0,0,0,0,0,0,0,0,0,0,0,1
255,Torchic,fire,,0,1,0,0,0,0,0,0,0,0,0,0,0,0,0,0,0,0
256,Combusken,fire,fighting,0,1,0,0,0,0,0,0,0,1,0,0,0,0,0,0,0,0
257,Blaziken,fire,fighting,0,1,0,0,0,0,0,0,0,1,0,0,0,0,0,0,0,0
258,Mudkip,water,,0,0,0,0,0,0,0,1,0,0,0,0,0,0,0,0,0,0
259,Marshtomp,water,ground,0,0,1,0,0,0,0,1,0,0,0,0,0,0,0,0,0,0
260,Swampert,water,ground,0,0,1,0,0,0,0,1,0,0,0,0,0,0,0,0,0,0
261,Poochyena,dark,,1,0,0,0,0,0,0,0,0,0,0,0,0,0,0,0,0,0
262,Mightyena,dark,,1,0,0,0,0,0,0,0,0,0,0,0,0,0,0,0,0,0
263,Zigzagoon,normal,,0,0,0,0,0,0,0,0,0,0,0,0,0,0,0,0,1,0
264,Linoone,normal,,0,0,0,0,0,0,0,0,0,0,0,0,0,0,0,0,1,0
265,Wurmple,bug,,0,0,0,0,0,0,0,0,0,0,0,0,0,1,0,0,0,0
266,Silcoon,bug,,0,0,0,0,0,0,0,0,0,0,0,0,0,1,0,0,0,0
267,Beautifly,bug,flying,0,0,0,0,1,0,0,0,0,0,0,0,0,1,0,0,0,0
268,Cascoon,bug,,0,0,0,0,0,0,0,0,0,0,0,0,0,1,0,0,0,0
269,Dustox,bug,poison,0,0,0,0,0,0,0,0,0,0,0,0,0,1,0,1,0,0
270,Lotad,water,grass,0,0,0,0,0,0,0,1,0,0,0,0,0,0,0,0,0,1
271,Lombre,water,grass,0,0,0,0,0,0,0,1,0,0,0,0,0,0,0,0,0,1
272,Ludicolo,water,grass,0,0,0,0,0,0,0,1,0,0,0,0,0,0,0,0,0,1
273,Seedot,grass,,0,0,0,0,0,0,0,0,0,0,0,0,0,0,0,0,0,1
274,Nuzleaf,grass,dark,1,0,0,0,0,0,0,0,0,0,0,0,0,0,0,0,0,1
275,Shiftry,grass,dark,1,0,0,0,0,0,0,0,0,0,0,0,0,0,0,0,0,1
276,Taillow,normal,flying,0,0,0,0,1,0,0,0,0,0,0,0,0,0,0,0,1,0
277,Swellow,normal,flying,0,0,0,0,1,0,0,0,0,0,0,0,0,0,0,0,1,0
278,Wingull,water,flying,0,0,0,0,1,0,0,1,0,0,0,0,0,0,0,0,0,0
279,Pelipper,water,flying,0,0,0,0,1,0,0,1,0,0,0,0,0,0,0,0,0,0
280,Ralts,psychic,fairy,0,0,0,0,0,0,0,0,0,0,1,1,0,0,0,0,0,0
281,Kirlia,psychic,fairy,0,0,0,0,0,0,0,0,0,0,1,1,0,0,0,0,0,0
282,Gardevoir,psychic,fairy,0,0,0,0,0,0,0,0,0,0,1,1,0,0,0,0,0,0
283,Surskit,bug,water,0,0,0,0,0,0,0,1,0,0,0,0,0,1,0,0,0,0
284,Masquerain,bug,flying,0,0,0,0,1,0,0,0,0,0,0,0,0,1,0,0,0,0
285,Shroomish,grass,,0,0,0,0,0,0,0,0,0,0,0,0,0,0,0,0,0,1
286,Breloom,grass,fighting,0,0,0,0,0,0,0,0,0,1,0,0,0,0,0,0,0,1
287,Slakoth,normal,,0,0,0,0,0,0,0,0,0,0,0,0,0,0,0,0,1,0
288,Vigoroth,normal,,0,0,0,0,0,0,0,0,0,0,0,0,0,0,0,0,1,0
289,Slaking,normal,,0,0,0,0,0,0,0,0,0,0,0,0,0,0,0,0,1,0
290,Nincada,bug,ground,0,0,1,0,0,0,0,0,0,0,0,0,0,1,0,0,0,0
291,Ninjask,bug,flying,0,0,0,0,1,0,0,0,0,0,0,0,0,1,0,0,0,0
292,Shedinja,bug,ghost,0,0,0,0,0,0,1,0,0,0,0,0,0,1,0,0,0,0
293,Whismur,normal,,0,0,0,0,0,0,0,0,0,0,0,0,0,0,0,0,1,0
294,Loudred,normal,,0,0,0,0,0,0,0,0,0,0,0,0,0,0,0,0,1,0
295,Exploud,normal,,0,0,0,0,0,0,0,0,0,0,0,0,0,0,0,0,1,0
296,Makuhita,fighting,,0,0,0,0,0,0,0,0,0,1,0,0,0,0,0,0,0,0
297,Hariyama,fighting,,0,0,0,0,0,0,0,0,0,1,0,0,0,0,0,0,0,0
298,Azurill,normal,fairy,0,0,0,0,0,0,0,0,0,0,1,0,0,0,0,0,1,0
299,Nosepass,rock,,0,0,0,0,0,1,0,0,0,0,0,0,0,0,0,0,0,0
300,Skitty,normal,,0,0,0,0,0,0,0,0,0,0,0,0,0,0,0,0,1,0
301,Delcatty,normal,,0,0,0,0,0,0,0,0,0,0,0,0,0,0,0,0,1,0
302,Sableye,dark,ghost,1,0,0,0,0,0,1,0,0,0,0,0,0,0,0,0,0,0
303,Mawile,steel,fairy,0,0,0,0,0,0,0,0,1,0,1,0,0,0,0,0,0,0
304,Aron,steel,rock,0,0,0,0,0,1,0,0,1,0,0,0,0,0,0,0,0,0
305,Lairon,steel,rock,0,0,0,0,0,1,0,0,1,0,0,0,0,0,0,0,0,0
306,Aggron,steel,rock,0,0,0,0,0,1,0,0,1,0,0,0,0,0,0,0,0,0
307,Meditite,fighting,psychic,0,0,0,0,0,0,0,0,0,1,0,1,0,0,0,0,0,0
308,Medicham,fighting,psychic,0,0,0,0,0,0,0,0,0,1,0,1,0,0,0,0,0,0
309,Electrike,electric,,0,0,0,1,0,0,0,0,0,0,0,0,0,0,0,0,0,0
310,Manectric,electric,,0,0,0,1,0,0,0,0,0,0,0,0,0,0,0,0,0,0
311,Plusle,electric,,0,0,0,1,0,0,0,0,0,0,0,0,0,0,0,0,0,0
312,Minun,electric,,0,0,0,1,0,0,0,0,0,0,0,0,0,0,0,0,0,0
313,Volbeat,bug,,0,0,0,0,0,0,0,0,0,0,0,0,0,1,0,0,0,0
314,Illumise,bug,,0,0,0,0,0,0,0,0,0,0,0,0,0,1,0,0,0,0
315,Roselia,grass,poison,0,0,0,0,0,0,0,0,0,0,0,0,0,0,0,1,0,1
316,Gulpin,poison,,0,0,0,0,0,0,0,0,0,0,0,0,0,0,0,1,0,0
317,Swalot,poison,,0,0,0,0,0,0,0,0,0,0,0,0,0,0,0,1,0,0
318,Carvanha,water,dark,1,0,0,0,0,0,0,1,0,0,0,0,0,0,0,0,0,0
319,Sharpedo,water,dark,1,0,0,0,0,0,0,1,0,0,0,0,0,0,0,0,0,0
320,Wailmer,water,,0,0,0,0,0,0,0,1,0,0,0,0,0,0,0,0,0,0
321,Wailord,water,,0,0,0,0,0,0,0,1,0,0,0,0,0,0,0,0,0,0
322,Numel,fire,ground,0,1,1,0,0,0,0,0,0,0,0,0,0,0,0,0,0,0
323,Camerupt,fire,ground,0,1,1,0,0,0,0,0,0,0,0,0,0,0,0,0,0,0
324,Torkoal,fire,,0,1,0,0,0,0,0,0,0,0,0,0,0,0,0,0,0,0
325,Spoink,psychic,,0,0,0,0,0,0,0,0,0,0,0,1,0,0,0,0,0,0
326,Grumpig,psychic,,0,0,0,0,0,0,0,0,0,0,0,1,0,0,0,0,0,0
327,Spinda,normal,,0,0,0,0,0,0,0,0,0,0,0,0,0,0,0,0,1,0
328,Trapinch,ground,,0,0,1,0,0,0,0,0,0,0,0,0,0,0,0,0,0,0
329,Vibrava,ground,dragon,0,0,1,0,0,0,0,0,0,0,0,0,1,0,0,0,0,0
330,Flygon,ground,dragon,0,0,1,0,0,0,0,0,0,0,0,0,1,0,0,0,0,0
331,Cacnea,grass,,0,0,0,0,0,0,0,0,0,0,0,0,0,0,0,0,0,1
332,Cacturne,grass,dark,1,0,0,0,0,0,0,0,0,0,0,0,0,0,0,0,0,1
333,Swablu,normal,flying,0,0,0,0,1,0,0,0,0,0,0,0,0,0,0,0,1,0
334,Altaria,dragon,flying,0,0,0,0,1,0,0,0,0,0,0,0,1,0,0,0,0,0
335,Zangoose,normal,,0,0,0,0,0,0,0,0,0,0,0,0,0,0,0,0,1,0
336,Seviper,poison,,0,0,0,0,0,0,0,0,0,0,0,0,0,0,0,1,0,0
337,Lunatone,rock,psychic,0,0,0,0,0,1,0,0,0,0,0,1,0,0,0,0,0,0
338,Solrock,rock,psychic,0,0,0,0,0,1,0,0,0,0,0,1,0,0,0,0,0,0
339,Barboach,water,ground,0,0,1,0,0,0,0,1,0,0,0,0,0,0,0,0,0,0
340,Whiscash,water,ground,0,0,1,0,0,0,0,1,0,0,0,0,0,0,0,0,0,0
341,Corphish,water,,0,0,0,0,0,0,0,1,0,0,0,0,0,0,0,0,0,0
342,Crawdaunt,water,dark,1,0,0,0,0,0,0,1,0,0,0,0,0,0,0,0,0,0
343,Baltoy,ground,psychic,0,0,1,0,0,0,0,0,0,0,0,1,0,0,0,0,0,0
344,Claydol,ground,psychic,0,0,1,0,0,0,0,0,0,0,0,1,0,0,0,0,0,0
345,Lileep,rock,grass,0,0,0,0,0,1,0,0,0,0,0,0,0,0,0,0,0,1
346,Cradily,rock,grass,0,0,0,0,0,1,0,0,0,0,0,0,0,0,0,0,0,1
347,Anorith,rock,bug,0,0,0,0,0,1,0,0,0,0,0,0,0,1,0,0,0,0
348,Armaldo,rock,bug,0,0,0,0,0,1,0,0,0,0,0,0,0,1,0,0,0,0
349,Feebas,water,,0,0,0,0,0,0,0,1,0,0,0,0,0,0,0,0,0,0
350,Milotic,water,,0,0,0,0,0,0,0,1,0,0,0,0,0,0,0,0,0,0
351,Castform,normal,,0,0,0,0,0,0,0,0,0,0,0,0,0,0,0,0,1,0
352,Kecleon,normal,,0,0,0,0,0,0,0,0,0,0,0,0,0,0,0,0,1,0
353,Shuppet,ghost,,0,0,0,0,0,0,1,0,0,0,0,0,0,0,0,0,0,0
354,Banette,ghost,,0,0,0,0,0,0,1,0,0,0,0,0,0,0,0,0,0,0
355,Duskull,ghost,,0,0,0,0,0,0,1,0,0,0,0,0,0,0,0,0,0,0
356,Dusclops,ghost,,0,0,0,0,0,0,1,0,0,0,0,0,0,0,0,0,0,0
357,Tropius,grass,flying,0,0,0,0,1,0,0,0,0,0,0,0,0,0,0,0,0,1
358,Chimecho,psychic,,0,0,0,0,0,0,0,0,0,0,0,1,0,0,0,0,0,0
359,Absol,dark,,1,0,0,0,0,0,0,0,0,0,0,0,0,0,0,0,0,0
360,Wynaut,psychic,,0,0,0,0,0,0,0,0,0,0,0,1,0,0,0,0,0,0
361,Snorunt,ice,,0,0,0,0,0,0,0,0,0,0,0,0,0,0,1,0,0,0
362,Glalie,ice,,0,0,0,0,0,0,0,0,0,0,0,0,0,0,1,0,0,0
363,Spheal,ice,water,0,0,0,0,0,0,0,1,0,0,0,0,0,0,1,0,0,0
364,Sealeo,ice,water,0,0,0,0,0,0,0,1,0,0,0,0,0,0,1,0,0,0
365,Walrein,ice,water,0,0,0,0,0,0,0,1,0,0,0,0,0,0,1,0,0,0
366,Clamperl,water,,0,0,0,0,0,0,0,1,0,0,0,0,0,0,0,0,0,0
367,Huntail,water,,0,0,0,0,0,0,0,1,0,0,0,0,0,0,0,0,0,0
368,Gorebyss,water,,0,0,0,0,0,0,0,1,0,0,0,0,0,0,0,0,0,0
369,Relicanth,water,rock,0,0,0,0,0,1,0,1,0,0,0,0,0,0,0,0,0,0
370,Luvdisc,water,,0,0,0,0,0,0,0,1,0,0,0,0,0,0,0,0,0,0
371,Bagon,dragon,,0,0,0,0,0,0,0,0,0,0,0,0,1,0,0,0,0,0
372,Shelgon,dragon,,0,0,0,0,0,0,0,0,0,0,0,0,1,0,0,0,0,0
373,Salamence,dragon,flying,0,0,0,0,1,0,0,0,0,0,0,0,1,0,0,0,0,0
374,Beldum,steel,psychic,0,0,0,0,0,0,0,0,1,0,0,1,0,0,0,0,0,0
375,Metang,steel,psychic,0,0,0,0,0,0,0,0,1,0,0,1,0,0,0,0,0,0
376,Metagross,steel,psychic,0,0,0,0,0,0,0,0,1,0,0,1,0,0,0,0,0,0
377,Regirock,rock,,0,0,0,0,0,1,0,0,0,0,0,0,0,0,0,0,0,0
378,Regice,ice,,0,0,0,0,0,0,0,0,0,0,0,0,0,0,1,0,0,0
379,Registeel,steel,,0,0,0,0,0,0,0,0,1,0,0,0,0,0,0,0,0,0
380,Latias,dragon,psychic,0,0,0,0,0,0,0,0,0,0,0,1,1,0,0,0,0,0
381,Latios,dragon,psychic,0,0,0,0,0,0,0,0,0,0,0,1,1,0,0,0,0,0
382,Kyogre,water,,0,0,0,0,0,0,0,1,0,0,0,0,0,0,0,0,0,0
383,Groudon,ground,,0,0,1,0,0,0,0,0,0,0,0,0,0,0,0,0,0,0
384,Rayquaza,dragon,flying,0,0,0,0,1,0,0,0,0,0,0,0,1,0,0,0,0,0
385,Jirachi,steel,psychic,0,0,0,0,0,0,0,0,1,0,0,1,0,0,0,0,0,0
386,Deoxys,psychic,,0,0,0,0,0,0,0,0,0,0,0,1,0,0,0,0,0,0
387,Turtwig,grass,,0,0,0,0,0,0,0,0,0,0,0,0,0,0,0,0,0,1
388,Grotle,grass,,0,0,0,0,0,0,0,0,0,0,0,0,0,0,0,0,0,1
389,Torterra,grass,ground,0,0,1,0,0,0,0,0,0,0,0,0,0,0,0,0,0,1
390,Chimchar,fire,,0,1,0,0,0,0,0,0,0,0,0,0,0,0,0,0,0,0
391,Monferno,fire,fighting,0,1,0,0,0,0,0,0,0,1,0,0,0,0,0,0,0,0
392,Infernape,fire,fighting,0,1,0,0,0,0,0,0,0,1,0,0,0,0,0,0,0,0
393,Piplup,water,,0,0,0,0,0,0,0,1,0,0,0,0,0,0,0,0,0,0
394,Prinplup,water,,0,0,0,0,0,0,0,1,0,0,0,0,0,0,0,0,0,0
395,Empoleon,water,steel,0,0,0,0,0,0,0,1,1,0,0,0,0,0,0,0,0,0
396,Starly,normal,flying,0,0,0,0,1,0,0,0,0,0,0,0,0,0,0,0,1,0
397,Staravia,normal,flying,0,0,0,0,1,0,0,0,0,0,0,0,0,0,0,0,1,0
398,Staraptor,normal,flying,0,0,0,0,1,0,0,0,0,0,0,0,0,0,0,0,1,0
399,Bidoof,normal,,0,0,0,0,0,0,0,0,0,0,0,0,0,0,0,0,1,0
400,Bibarel,normal,water,0,0,0,0,0,0,0,1,0,0,0,0,0,0,0,0,1,0
401,Kricketot,bug,,0,0,0,0,0,0,0,0,0,0,0,0,0,1,0,0,0,0
402,Kricketune,bug,,0,0,0,0,0,0,0,0,0,0,0,0,0,1,0,0,0,0
403,Shinx,electric,,0,0,0,1,0,0,0,0,0,0,0,0,0,0,0,0,0,0
404,Luxio,electric,,0,0,0,1,0,0,0,0,0,0,0,0,0,0,0,0,0,0
405,Luxray,electric,,0,0,0,1,0,0,0,0,0,0,0,0,0,0,0,0,0,0
406,Budew,grass,poison,0,0,0,0,0,0,0,0,0,0,0,0,0,0,0,1,0,1
407,Roserade,grass,poison,0,0,0,0,0,0,0,0,0,0,0,0,0,0,0,1,0,1
408,Cranidos,rock,,0,0,0,0,0,1,0,0,0,0,0,0,0,0,0,0,0,0
409,Rampardos,rock,,0,0,0,0,0,1,0,0,0,0,0,0,0,0,0,0,0,0
410,Shieldon,rock,steel,0,0,0,0,0,1,0,0,1,0,0,0,0,0,0,0,0,0
411,Bastiodon,rock,steel,0,0,0,0,0,1,0,0,1,0,0,0,0,0,0,0,0,0
412,Burmy,bug,,0,0,0,0,0,0,0,0,0,0,0,0,0,1,0,0,0,0
413,Wormadam,bug,grass,0,0,0,0,0,0,0,0,0,0,0,0,0,1,0,0,0,1
414,Mothim,bug,flying,0,0,0,0,1,0,0,0,0,0,0,0,0,1,0,0,0,0
415,Combee,bug,flying,0,0,0,0,1,0,0,0,0,0,0,0,0,1,0,0,0,0
416,Vespiquen,bug,flying,0,0,0,0,1,0,0,0,0,0,0,0,0,1,0,0,0,0
417,Pachirisu,electric,,0,0,0,1,0,0,0,0,0,0,0,0,0,0,0,0,0,0
418,Buizel,water,,0,0,0,0,0,0,0,1,0,0,0,0,0,0,0,0,0,0
419,Floatzel,water,,0,0,0,0,0,0,0,1,0,0,0,0,0,0,0,0,0,0
420,Cherubi,grass,,0,0,0,0,0,0,0,0,0,0,0,0,0,0,0,0,0,1
421,Cherrim,grass,,0,0,0,0,0,0,0,0,0,0,0,0,0,0,0,0,0,1
422,Shellos,water,,0,0,0,0,0,0,0,1,0,0,0,0,0,0,0,0,0,0
423,Gastrodon,water,ground,0,0,1,0,0,0,0,1,0,0,0,0,0,0,0,0,0,0
424,Ambipom,normal,,0,0,0,0,0,0,0,0,0,0,0,0,0,0,0,0,1,0
425,Drifloon,ghost,flying,0,0,0,0,1,0,1,0,0,0,0,0,0,0,0,0,0,0
426,Drifblim,ghost,flying,0,0,0,0,1,0,1,0,0,0,0,0,0,0,0,0,0,0
427,Buneary,normal,,0,0,0,0,0,0,0,0,0,0,0,0,0,0,0,0,1,0
428,Lopunny,normal,,0,0,0,0,0,0,0,0,0,0,0,0,0,0,0,0,1,0
429,Mismagius,ghost,,0,0,0,0,0,0,1,0,0,0,0,0,0,0,0,0,0,0
430,Honchkrow,dark,flying,1,0,0,0,1,0,0,0,0,0,0,0,0,0,0,0,0,0
431,Glameow,normal,,0,0,0,0,0,0,0,0,0,0,0,0,0,0,0,0,1,0
432,Purugly,normal,,0,0,0,0,0,0,0,0,0,0,0,0,0,0,0,0,1,0
433,Chingling,psychic,,0,0,0,0,0,0,0,0,0,0,0,1,0,0,0,0,0,0
434,Stunky,poison,dark,1,0,0,0,0,0,0,0,0,0,0,0,0,0,0,1,0,0
435,Skuntank,poison,dark,1,0,0,0,0,0,0,0,0,0,0,0,0,0,0,1,0,0
436,Bronzor,steel,psychic,0,0,0,0,0,0,0,0,1,0,0,1,0,0,0,0,0,0
437,Bronzong,steel,psychic,0,0,0,0,0,0,0,0,1,0,0,1,0,0,0,0,0,0
438,Bonsly,rock,,0,0,0,0,0,1,0,0,0,0,0,0,0,0,0,0,0,0
439,Mime Jr.,psychic,fairy,0,0,0,0,0,0,0,0,0,0,1,1,0,0,0,0,0,0
440,Happiny,normal,,0,0,0,0,0,0,0,0,0,0,0,0,0,0,0,0,1,0
441,Chatot,normal,flying,0,0,0,0,1,0,0,0,0,0,0,0,0,0,0,0,1,0
442,Spiritomb,ghost,dark,1,0,0,0,0,0,1,0,0,0,0,0,0,0,0,0,0,0
443,Gible,dragon,ground,0,0,1,0,0,0,0,0,0,0,0,0,1,0,0,0,0,0
444,Gabite,dragon,ground,0,0,1,0,0,0,0,0,0,0,0,0,1,0,0,0,0,0
445,Garchomp,dragon,ground,0,0,1,0,0,0,0,0,0,0,0,0,1,0,0,0,0,0
446,Munchlax,normal,,0,0,0,0,0,0,0,0,0,0,0,0,0,0,0,0,1,0
447,Riolu,fighting,,0,0,0,0,0,0,0,0,0,1,0,0,0,0,0,0,0,0
448,Lucario,fighting,steel,0,0,0,0,0,0,0,0,1,1,0,0,0,0,0,0,0,0
449,Hippopotas,ground,,0,0,1,0,0,0,0,0,0,0,0,0,0,0,0,0,0,0
450,Hippowdon,ground,,0,0,1,0,0,0,0,0,0,0,0,0,0,0,0,0,0,0
451,Skorupi,poison,bug,0,0,0,0,0,0,0,0,0,0,0,0,0,1,0,1,0,0
452,Drapion,poison,dark,1,0,0,0,0,0,0,0,0,0,0,0,0,0,0,1,0,0
453,Croagunk,poison,fighting,0,0,0,0,0,0,0,0,0,1,0,0,0,0,0,1,0,0
454,Toxicroak,poison,fighting,0,0,0,0,0,0,0,0,0,1,0,0,0,0,0,1,0,0
455,Carnivine,grass,,0,0,0,0,0,0,0,0,0,0,0,0,0,0,0,0,0,1
456,Finneon,water,,0,0,0,0,0,0,0,1,0,0,0,0,0,0,0,0,0,0
457,Lumineon,water,,0,0,0,0,0,0,0,1,0,0,0,0,0,0,0,0,0,0
458,Mantyke,water,flying,0,0,0,0,1,0,0,1,0,0,0,0,0,0,0,0,0,0
459,Snover,grass,ice,0,0,0,0,0,0,0,0,0,0,0,0,0,0,1,0,0,1
460,Abomasnow,grass,ice,0,0,0,0,0,0,0,0,0,0,0,0,0,0,1,0,0,1
461,Weavile,dark,ice,1,0,0,0,0,0,0,0,0,0,0,0,0,0,1,0,0,0
462,Magnezone,electric,steel,0,0,0,1,0,0,0,0,1,0,0,0,0,0,0,0,0,0
463,Lickilicky,normal,,0,0,0,0,0,0,0,0,0,0,0,0,0,0,0,0,1,0
464,Rhyperior,ground,rock,0,0,1,0,0,1,0,0,0,0,0,0,0,0,0,0,0,0
465,Tangrowth,grass,,0,0,0,0,0,0,0,0,0,0,0,0,0,0,0,0,0,1
466,Electivire,electric,,0,0,0,1,0,0,0,0,0,0,0,0,0,0,0,0,0,0
467,Magmortar,fire,,0,1,0,0,0,0,0,0,0,0,0,0,0,0,0,0,0,0
468,Togekiss,fairy,flying,0,0,0,0,1,0,0,0,0,0,1,0,0,0,0,0,0,0
469,Yanmega,bug,flying,0,0,0,0,1,0,0,0,0,0,0,0,0,1,0,0,0,0
470,Leafeon,grass,,0,0,0,0,0,0,0,0,0,0,0,0,0,0,0,0,0,1
471,Glaceon,ice,,0,0,0,0,0,0,0,0,0,0,0,0,0,0,1,0,0,0
472,Gliscor,ground,flying,0,0,1,0,1,0,0,0,0,0,0,0,0,0,0,0,0,0
473,Mamoswine,ice,ground,0,0,1,0,0,0,0,0,0,0,0,0,0,0,1,0,0,0
474,Porygon-Z,normal,,0,0,0,0,0,0,0,0,0,0,0,0,0,0,0,0,1,0
475,Gallade,psychic,fighting,0,0,0,0,0,0,0,0,0,1,0,1,0,0,0,0,0,0
476,Probopass,rock,steel,0,0,0,0,0,1,0,0,1,0,0,0,0,0,0,0,0,0
477,Dusknoir,ghost,,0,0,0,0,0,0,1,0,0,0,0,0,0,0,0,0,0,0
478,Froslass,ice,ghost,0,0,0,0,0,0,1,0,0,0,0,0,0,0,1,0,0,0
479,Rotom,electric,ghost,0,0,0,1,0,0,1,0,0,0,0,0,0,0,0,0,0,0
480,Uxie,psychic,,0,0,0,0,0,0,0,0,0,0,0,1,0,0,0,0,0,0
481,Mesprit,psychic,,0,0,0,0,0,0,0,0,0,0,0,1,0,0,0,0,0,0
482,Azelf,psychic,,0,0,0,0,0,0,0,0,0,0,0,1,0,0,0,0,0,0
483,Dialga,steel,dragon,0,0,0,0,0,0,0,0,1,0,0,0,1,0,0,0,0,0
484,Palkia,water,dragon,0,0,0,0,0,0,0,1,0,0,0,0,1,0,0,0,0,0
485,Heatran,fire,steel,0,1,0,0,0,0,0,0,1,0,0,0,0,0,0,0,0,0
486,Regigigas,normal,,0,0,0,0,0,0,0,0,0,0,0,0,0,0,0,0,1,0
487,Giratina,ghost,dragon,0,0,0,0,0,0,1,0,0,0,0,0,1,0,0,0,0,0
488,Cresselia,psychic,,0,0,0,0,0,0,0,0,0,0,0,1,0,0,0,0,0,0
489,Phione,water,,0,0,0,0,0,0,0,1,0,0,0,0,0,0,0,0,0,0
490,Manaphy,water,,0,0,0,0,0,0,0,1,0,0,0,0,0,0,0,0,0,0
491,Darkrai,dark,,1,0,0,0,0,0,0,0,0,0,0,0,0,0,0,0,0,0
492,Shaymin,grass,grass,0,0,0,0,0,0,0,0,0,0,0,0,0,0,0,0,0,1
493,Arceus,normal,,0,0,0,0,0,0,0,0,0,0,0,0,0,0,0,0,1,0
494,Victini,psychic,fire,0,1,0,0,0,0,0,0,0,0,0,1,0,0,0,0,0,0
495,Snivy,grass,,0,0,0,0,0,0,0,0,0,0,0,0,0,0,0,0,0,1
496,Servine,grass,,0,0,0,0,0,0,0,0,0,0,0,0,0,0,0,0,0,1
497,Serperior,grass,,0,0,0,0,0,0,0,0,0,0,0,0,0,0,0,0,0,1
498,Tepig,fire,,0,1,0,0,0,0,0,0,0,0,0,0,0,0,0,0,0,0
499,Pignite,fire,fighting,0,1,0,0,0,0,0,0,0,1,0,0,0,0,0,0,0,0
500,Emboar,fire,fighting,0,1,0,0,0,0,0,0,0,1,0,0,0,0,0,0,0,0
501,Oshawott,water,,0,0,0,0,0,0,0,1,0,0,0,0,0,0,0,0,0,0
502,Dewott,water,,0,0,0,0,0,0,0,1,0,0,0,0,0,0,0,0,0,0
503,Samurott,water,,0,0,0,0,0,0,0,1,0,0,0,0,0,0,0,0,0,0
504,Patrat,normal,,0,0,0,0,0,0,0,0,0,0,0,0,0,0,0,0,1,0
505,Watchog,normal,,0,0,0,0,0,0,0,0,0,0,0,0,0,0,0,0,1,0
506,Lillipup,normal,,0,0,0,0,0,0,0,0,0,0,0,0,0,0,0,0,1,0
507,Herdier,normal,,0,0,0,0,0,0,0,0,0,0,0,0,0,0,0,0,1,0
508,Stoutland,normal,,0,0,0,0,0,0,0,0,0,0,0,0,0,0,0,0,1,0
509,Purrloin,dark,,1,0,0,0,0,0,0,0,0,0,0,0,0,0,0,0,0,0
510,Liepard,dark,,1,0,0,0,0,0,0,0,0,0,0,0,0,0,0,0,0,0
511,Pansage,grass,,0,0,0,0,0,0,0,0,0,0,0,0,0,0,0,0,0,1
512,Simisage,grass,,0,0,0,0,0,0,0,0,0,0,0,0,0,0,0,0,0,1
513,Pansear,fire,,0,1,0,0,0,0,0,0,0,0,0,0,0,0,0,0,0,0
514,Simisear,fire,,0,1,0,0,0,0,0,0,0,0,0,0,0,0,0,0,0,0
515,Panpour,water,,0,0,0,0,0,0,0,1,0,0,0,0,0,0,0,0,0,0
516,Simipour,water,,0,0,0,0,0,0,0,1,0,0,0,0,0,0,0,0,0,0
517,Munna,psychic,,0,0,0,0,0,0,0,0,0,0,0,1,0,0,0,0,0,0
518,Musharna,psychic,,0,0,0,0,0,0,0,0,0,0,0,1,0,0,0,0,0,0
519,Pidove,normal,flying,0,0,0,0,1,0,0,0,0,0,0,0,0,0,0,0,1,0
520,Tranquill,normal,flying,0,0,0,0,1,0,0,0,0,0,0,0,0,0,0,0,1,0
521,Unfezant,normal,flying,0,0,0,0,1,0,0,0,0,0,0,0,0,0,0,0,1,0
522,Blitzle,electric,,0,0,0,1,0,0,0,0,0,0,0,0,0,0,0,0,0,0
523,Zebstrika,electric,,0,0,0,1,0,0,0,0,0,0,0,0,0,0,0,0,0,0
524,Roggenrola,rock,,0,0,0,0,0,1,0,0,0,0,0,0,0,0,0,0,0,0
525,Boldore,rock,,0,0,0,0,0,1,0,0,0,0,0,0,0,0,0,0,0,0
526,Gigalith,rock,,0,0,0,0,0,1,0,0,0,0,0,0,0,0,0,0,0,0
527,Woobat,psychic,flying,0,0,0,0,1,0,0,0,0,0,0,1,0,0,0,0,0,0
528,Swoobat,psychic,flying,0,0,0,0,1,0,0,0,0,0,0,1,0,0,0,0,0,0
529,Drilbur,ground,,0,0,1,0,0,0,0,0,0,0,0,0,0,0,0,0,0,0
530,Excadrill,ground,steel,0,0,1,0,0,0,0,0,1,0,0,0,0,0,0,0,0,0
531,Audino,normal,,0,0,0,0,0,0,0,0,0,0,0,0,0,0,0,0,1,0
532,Timburr,fighting,,0,0,0,0,0,0,0,0,0,1,0,0,0,0,0,0,0,0
533,Gurdurr,fighting,,0,0,0,0,0,0,0,0,0,1,0,0,0,0,0,0,0,0
534,Conkeldurr,fighting,,0,0,0,0,0,0,0,0,0,1,0,0,0,0,0,0,0,0
535,Tympole,water,,0,0,0,0,0,0,0,1,0,0,0,0,0,0,0,0,0,0
536,Palpitoad,water,ground,0,0,1,0,0,0,0,1,0,0,0,0,0,0,0,0,0,0
537,Seismitoad,water,ground,0,0,1,0,0,0,0,1,0,0,0,0,0,0,0,0,0,0
538,Throh,fighting,,0,0,0,0,0,0,0,0,0,1,0,0,0,0,0,0,0,0
539,Sawk,fighting,,0,0,0,0,0,0,0,0,0,1,0,0,0,0,0,0,0,0
540,Sewaddle,bug,grass,0,0,0,0,0,0,0,0,0,0,0,0,0,1,0,0,0,1
541,Swadloon,bug,grass,0,0,0,0,0,0,0,0,0,0,0,0,0,1,0,0,0,1
542,Leavanny,bug,grass,0,0,0,0,0,0,0,0,0,0,0,0,0,1,0,0,0,1
543,Venipede,bug,poison,0,0,0,0,0,0,0,0,0,0,0,0,0,1,0,1,0,0
544,Whirlipede,bug,poison,0,0,0,0,0,0,0,0,0,0,0,0,0,1,0,1,0,0
545,Scolipede,bug,poison,0,0,0,0,0,0,0,0,0,0,0,0,0,1,0,1,0,0
546,Cottonee,grass,fairy,0,0,0,0,0,0,0,0,0,0,1,0,0,0,0,0,0,1
547,Whimsicott,grass,fairy,0,0,0,0,0,0,0,0,0,0,1,0,0,0,0,0,0,1
548,Petilil,grass,,0,0,0,0,0,0,0,0,0,0,0,0,0,0,0,0,0,1
549,Lilligant,grass,,0,0,0,0,0,0,0,0,0,0,0,0,0,0,0,0,0,1
550,Basculin,water,,0,0,0,0,0,0,0,1,0,0,0,0,0,0,0,0,0,0
551,Sandile,ground,dark,1,0,1,0,0,0,0,0,0,0,0,0,0,0,0,0,0,0
552,Krokorok,ground,dark,1,0,1,0,0,0,0,0,0,0,0,0,0,0,0,0,0,0
553,Krookodile,ground,dark,1,0,1,0,0,0,0,0,0,0,0,0,0,0,0,0,0,0
554,Darumaka,fire,,0,1,0,0,0,0,0,0,0,0,0,0,0,0,0,0,0,0
555,Darmanitan,fire,fire,0,1,0,0,0,0,0,0,0,0,0,0,0,0,0,0,0,0
556,Maractus,grass,,0,0,0,0,0,0,0,0,0,0,0,0,0,0,0,0,0,1
557,Dwebble,bug,rock,0,0,0,0,0,1,0,0,0,0,0,0,0,1,0,0,0,0
558,Crustle,bug,rock,0,0,0,0,0,1,0,0,0,0,0,0,0,1,0,0,0,0
559,Scraggy,dark,fighting,1,0,0,0,0,0,0,0,0,1,0,0,0,0,0,0,0,0
560,Scrafty,dark,fighting,1,0,0,0,0,0,0,0,0,1,0,0,0,0,0,0,0,0
561,Sigilyph,psychic,flying,0,0,0,0,1,0,0,0,0,0,0,1,0,0,0,0,0,0
562,Yamask,ghost,,0,0,0,0,0,0,1,0,0,0,0,0,0,0,0,0,0,0
563,Cofagrigus,ghost,,0,0,0,0,0,0,1,0,0,0,0,0,0,0,0,0,0,0
564,Tirtouga,water,rock,0,0,0,0,0,1,0,1,0,0,0,0,0,0,0,0,0,0
565,Carracosta,water,rock,0,0,0,0,0,1,0,1,0,0,0,0,0,0,0,0,0,0
566,Archen,rock,flying,0,0,0,0,1,1,0,0,0,0,0,0,0,0,0,0,0,0
567,Archeops,rock,flying,0,0,0,0,1,1,0,0,0,0,0,0,0,0,0,0,0,0
568,Trubbish,poison,,0,0,0,0,0,0,0,0,0,0,0,0,0,0,0,1,0,0
569,Garbodor,poison,,0,0,0,0,0,0,0,0,0,0,0,0,0,0,0,1,0,0
570,Zorua,dark,,1,0,0,0,0,0,0,0,0,0,0,0,0,0,0,0,0,0
571,Zoroark,dark,,1,0,0,0,0,0,0,0,0,0,0,0,0,0,0,0,0,0
572,Minccino,normal,,0,0,0,0,0,0,0,0,0,0,0,0,0,0,0,0,1,0
573,Cinccino,normal,,0,0,0,0,0,0,0,0,0,0,0,0,0,0,0,0,1,0
574,Gothita,psychic,,0,0,0,0,0,0,0,0,0,0,0,1,0,0,0,0,0,0
575,Gothorita,psychic,,0,0,0,0,0,0,0,0,0,0,0,1,0,0,0,0,0,0
576,Gothitelle,psychic,,0,0,0,0,0,0,0,0,0,0,0,1,0,0,0,0,0,0
577,Solosis,psychic,,0,0,0,0,0,0,0,0,0,0,0,1,0,0,0,0,0,0
578,Duosion,psychic,,0,0,0,0,0,0,0,0,0,0,0,1,0,0,0,0,0,0
579,Reuniclus,psychic,,0,0,0,0,0,0,0,0,0,0,0,1,0,0,0,0,0,0
580,Ducklett,water,flying,0,0,0,0,1,0,0,1,0,0,0,0,0,0,0,0,0,0
581,Swanna,water,flying,0,0,0,0,1,0,0,1,0,0,0,0,0,0,0,0,0,0
582,Vanillite,ice,,0,0,0,0,0,0,0,0,0,0,0,0,0,0,1,0,0,0
583,Vanillish,ice,,0,0,0,0,0,0,0,0,0,0,0,0,0,0,1,0,0,0
584,Vanilluxe,ice,,0,0,0,0,0,0,0,0,0,0,0,0,0,0,1,0,0,0
585,Deerling,normal,grass,0,0,0,0,0,0,0,0,0,0,0,0,0,0,0,0,1,1
586,Sawsbuck,normal,grass,0,0,0,0,0,0,0,0,0,0,0,0,0,0,0,0,1,1
587,Emolga,electric,flying,0,0,0,1,1,0,0,0,0,0,0,0,0,0,0,0,0,0
588,Karrablast,bug,,0,0,0,0,0,0,0,0,0,0,0,0,0,1,0,0,0,0
589,Escavalier,bug,steel,0,0,0,0,0,0,0,0,1,0,0,0,0,1,0,0,0,0
590,Foongus,grass,poison,0,0,0,0,0,0,0,0,0,0,0,0,0,0,0,1,0,1
591,Amoonguss,grass,poison,0,0,0,0,0,0,0,0,0,0,0,0,0,0,0,1,0,1
592,Frillish,water,ghost,0,0,0,0,0,0,1,1,0,0,0,0,0,0,0,0,0,0
593,Jellicent,water,ghost,0,0,0,0,0,0,1,1,0,0,0,0,0,0,0,0,0,0
594,Alomomola,water,,0,0,0,0,0,0,0,1,0,0,0,0,0,0,0,0,0,0
595,Joltik,bug,electric,0,0,0,1,0,0,0,0,0,0,0,0,0,1,0,0,0,0
596,Galvantula,bug,electric,0,0,0,1,0,0,0,0,0,0,0,0,0,1,0,0,0,0
597,Ferroseed,grass,steel,0,0,0,0,0,0,0,0,1,0,0,0,0,0,0,0,0,1
598,Ferrothorn,grass,steel,0,0,0,0,0,0,0,0,1,0,0,0,0,0,0,0,0,1
599,Klink,steel,,0,0,0,0,0,0,0,0,1,0,0,0,0,0,0,0,0,0
600,Klang,steel,,0,0,0,0,0,0,0,0,1,0,0,0,0,0,0,0,0,0
601,Klinklang,steel,,0,0,0,0,0,0,0,0,1,0,0,0,0,0,0,0,0,0
602,Tynamo,electric,,0,0,0,1,0,0,0,0,0,0,0,0,0,0,0,0,0,0
603,Eelektrik,electric,,0,0,0,1,0,0,0,0,0,0,0,0,0,0,0,0,0,0
604,Eelektross,electric,,0,0,0,1,0,0,0,0,0,0,0,0,0,0,0,0,0,0
605,Elgyem,psychic,,0,0,0,0,0,0,0,0,0,0,0,1,0,0,0,0,0,0
606,Beheeyem,psychic,,0,0,0,0,0,0,0,0,0,0,0,1,0,0,0,0,0,0
607,Litwick,ghost,fire,0,1,0,0,0,0,1,0,0,0,0,0,0,0,0,0,0,0
608,Lampent,ghost,fire,0,1,0,0,0,0,1,0,0,0,0,0,0,0,0,0,0,0
609,Chandelure,ghost,fire,0,1,0,0,0,0,1,0,0,0,0,0,0,0,0,0,0,0
610,Axew,dragon,,0,0,0,0,0,0,0,0,0,0,0,0,1,0,0,0,0,0
611,Fraxure,dragon,,0,0,0,0,0,0,0,0,0,0,0,0,1,0,0,0,0,0
612,Haxorus,dragon,,0,0,0,0,0,0,0,0,0,0,0,0,1,0,0,0,0,0
613,Cubchoo,ice,,0,0,0,0,0,0,0,0,0,0,0,0,0,0,1,0,0,0
614,Beartic,ice,,0,0,0,0,0,0,0,0,0,0,0,0,0,0,1,0,0,0
615,Cryogonal,ice,,0,0,0,0,0,0,0,0,0,0,0,0,0,0,1,0,0,0
616,Shelmet,bug,,0,0,0,0,0,0,0,0,0,0,0,0,0,1,0,0,0,0
617,Accelgor,bug,,0,0,0,0,0,0,0,0,0,0,0,0,0,1,0,0,0,0
618,Stunfisk,ground,electric,0,0,1,1,0,0,0,0,0,0,0,0,0,0,0,0,0,0
619,Mienfoo,fighting,,0,0,0,0,0,0,0,0,0,1,0,0,0,0,0,0,0,0
620,Mienshao,fighting,,0,0,0,0,0,0,0,0,0,1,0,0,0,0,0,0,0,0
621,Druddigon,dragon,,0,0,0,0,0,0,0,0,0,0,0,0,1,0,0,0,0,0
622,Golett,ground,ghost,0,0,1,0,0,0,1,0,0,0,0,0,0,0,0,0,0,0
623,Golurk,ground,ghost,0,0,1,0,0,0,1,0,0,0,0,0,0,0,0,0,0,0
624,Pawniard,dark,steel,1,0,0,0,0,0,0,0,1,0,0,0,0,0,0,0,0,0
625,Bisharp,dark,steel,1,0,0,0,0,0,0,0,1,0,0,0,0,0,0,0,0,0
626,Bouffalant,normal,,0,0,0,0,0,0,0,0,0,0,0,0,0,0,0,0,1,0
627,Rufflet,normal,flying,0,0,0,0,1,0,0,0,0,0,0,0,0,0,0,0,1,0
628,Braviary,normal,flying,0,0,0,0,1,0,0,0,0,0,0,0,0,0,0,0,1,0
629,Vullaby,dark,flying,1,0,0,0,1,0,0,0,0,0,0,0,0,0,0,0,0,0
630,Mandibuzz,dark,flying,1,0,0,0,1,0,0,0,0,0,0,0,0,0,0,0,0,0
631,Heatmor,fire,,0,1,0,0,0,0,0,0,0,0,0,0,0,0,0,0,0,0
632,Durant,bug,steel,0,0,0,0,0,0,0,0,1,0,0,0,0,1,0,0,0,0
633,Deino,dark,dragon,1,0,0,0,0,0,0,0,0,0,0,0,1,0,0,0,0,0
634,Zweilous,dark,dragon,1,0,0,0,0,0,0,0,0,0,0,0,1,0,0,0,0,0
635,Hydreigon,dark,dragon,1,0,0,0,0,0,0,0,0,0,0,0,1,0,0,0,0,0
636,Larvesta,bug,fire,0,1,0,0,0,0,0,0,0,0,0,0,0,1,0,0,0,0
637,Volcarona,bug,fire,0,1,0,0,0,0,0,0,0,0,0,0,0,1,0,0,0,0
638,Cobalion,steel,fighting,0,0,0,0,0,0,0,0,1,1,0,0,0,0,0,0,0,0
639,Terrakion,rock,fighting,0,0,0,0,0,1,0,0,0,1,0,0,0,0,0,0,0,0
640,Virizion,grass,fighting,0,0,0,0,0,0,0,0,0,1,0,0,0,0,0,0,0,1
641,Tornadus,flying,,0,0,0,0,1,0,0,0,0,0,0,0,0,0,0,0,0,0
642,Thundurus,electric,flying,0,0,0,1,1,0,0,0,0,0,0,0,0,0,0,0,0,0
643,Reshiram,dragon,fire,0,1,0,0,0,0,0,0,0,0,0,0,1,0,0,0,0,0
644,Zekrom,dragon,electric,0,0,0,1,0,0,0,0,0,0,0,0,1,0,0,0,0,0
645,Landorus,ground,flying,0,0,1,0,1,0,0,0,0,0,0,0,0,0,0,0,0,0
646,Kyurem,dragon,ice,0,0,0,0,0,0,0,0,0,0,0,0,1,0,1,0,0,0
647,Keldeo,water,fighting,0,0,0,0,0,0,0,1,0,1,0,0,0,0,0,0,0,0
648,Meloetta,normal,psychic,0,0,0,0,0,0,0,0,0,0,0,1,0,0,0,0,1,0
649,Genesect,bug,steel,0,0,0,0,0,0,0,0,1,0,0,0,0,1,0,0,0,0
650,Chespin,grass,,0,0,0,0,0,0,0,0,0,0,0,0,0,0,0,0,0,1
651,Quilladin,grass,,0,0,0,0,0,0,0,0,0,0,0,0,0,0,0,0,0,1
652,Chesnaught,grass,fighting,0,0,0,0,0,0,0,0,0,1,0,0,0,0,0,0,0,1
653,Fennekin,fire,,0,1,0,0,0,0,0,0,0,0,0,0,0,0,0,0,0,0
654,Braixen,fire,,0,1,0,0,0,0,0,0,0,0,0,0,0,0,0,0,0,0
655,Delphox,fire,psychic,0,1,0,0,0,0,0,0,0,0,0,1,0,0,0,0,0,0
656,Froakie,water,,0,0,0,0,0,0,0,1,0,0,0,0,0,0,0,0,0,0
657,Frogadier,water,,0,0,0,0,0,0,0,1,0,0,0,0,0,0,0,0,0,0
658,Greninja,water,dark,1,0,0,0,0,0,0,1,0,0,0,0,0,0,0,0,0,0
659,Bunnelby,normal,,0,0,0,0,0,0,0,0,0,0,0,0,0,0,0,0,1,0
660,Diggersby,normal,ground,0,0,1,0,0,0,0,0,0,0,0,0,0,0,0,0,1,0
661,Fletchling,normal,flying,0,0,0,0,1,0,0,0,0,0,0,0,0,0,0,0,1,0
662,Fletchinder,fire,flying,0,1,0,0,1,0,0,0,0,0,0,0,0,0,0,0,0,0
663,Talonflame,fire,flying,0,1,0,0,1,0,0,0,0,0,0,0,0,0,0,0,0,0
664,Scatterbug,bug,,0,0,0,0,0,0,0,0,0,0,0,0,0,1,0,0,0,0
665,Spewpa,bug,,0,0,0,0,0,0,0,0,0,0,0,0,0,1,0,0,0,0
666,Vivillon,bug,flying,0,0,0,0,1,0,0,0,0,0,0,0,0,1,0,0,0,0
667,Litleo,fire,normal,0,1,0,0,0,0,0,0,0,0,0,0,0,0,0,0,1,0
668,Pyroar,fire,normal,0,1,0,0,0,0,0,0,0,0,0,0,0,0,0,0,1,0
669,Flabébé,fairy,,0,0,0,0,0,0,0,0,0,0,1,0,0,0,0,0,0,0
670,Floette,fairy,,0,0,0,0,0,0,0,0,0,0,1,0,0,0,0,0,0,0
671,Florges,fairy,,0,0,0,0,0,0,0,0,0,0,1,0,0,0,0,0,0,0
672,Skiddo,grass,,0,0,0,0,0,0,0,0,0,0,0,0,0,0,0,0,0,1
673,Gogoat,grass,,0,0,0,0,0,0,0,0,0,0,0,0,0,0,0,0,0,1
674,Pancham,fighting,,0,0,0,0,0,0,0,0,0,1,0,0,0,0,0,0,0,0
675,Pangoro,fighting,dark,1,0,0,0,0,0,0,0,0,1,0,0,0,0,0,0,0,0
676,Furfrou,normal,,0,0,0,0,0,0,0,0,0,0,0,0,0,0,0,0,1,0
677,Espurr,psychic,,0,0,0,0,0,0,0,0,0,0,0,1,0,0,0,0,0,0
678,Meowstic,psychic,,0,0,0,0,0,0,0,0,0,0,0,1,0,0,0,0,0,0
679,Honedge,steel,ghost,0,0,0,0,0,0,1,0,1,0,0,0,0,0,0,0,0,0
680,Doublade,steel,ghost,0,0,0,0,0,0,1,0,1,0,0,0,0,0,0,0,0,0
681,Aegislash,steel,ghost,0,0,0,0,0,0,1,0,1,0,0,0,0,0,0,0,0,0
682,Spritzee,fairy,,0,0,0,0,0,0,0,0,0,0,1,0,0,0,0,0,0,0
683,Aromatisse,fairy,,0,0,0,0,0,0,0,0,0,0,1,0,0,0,0,0,0,0
684,Swirlix,fairy,,0,0,0,0,0,0,0,0,0,0,1,0,0,0,0,0,0,0
685,Slurpuff,fairy,,0,0,0,0,0,0,0,0,0,0,1,0,0,0,0,0,0,0
686,Inkay,dark,psychic,1,0,0,0,0,0,0,0,0,0,0,1,0,0,0,0,0,0
687,Malamar,dark,psychic,1,0,0,0,0,0,0,0,0,0,0,1,0,0,0,0,0,0
688,Binacle,rock,water,0,0,0,0,0,1,0,1,0,0,0,0,0,0,0,0,0,0
689,Barbaracle,rock,water,0,0,0,0,0,1,0,1,0,0,0,0,0,0,0,0,0,0
690,Skrelp,poison,water,0,0,0,0,0,0,0,1,0,0,0,0,0,0,0,1,0,0
691,Dragalge,poison,dragon,0,0,0,0,0,0,0,0,0,0,0,0,1,0,0,1,0,0
692,Clauncher,water,,0,0,0,0,0,0,0,1,0,0,0,0,0,0,0,0,0,0
693,Clawitzer,water,,0,0,0,0,0,0,0,1,0,0,0,0,0,0,0,0,0,0
694,Helioptile,electric,normal,0,0,0,1,0,0,0,0,0,0,0,0,0,0,0,0,1,0
695,Heliolisk,electric,normal,0,0,0,1,0,0,0,0,0,0,0,0,0,0,0,0,1,0
696,Tyrunt,rock,dragon,0,0,0,0,0,1,0,0,0,0,0,0,1,0,0,0,0,0
697,Tyrantrum,rock,dragon,0,0,0,0,0,1,0,0,0,0,0,0,1,0,0,0,0,0
698,Amaura,rock,ice,0,0,0,0,0,1,0,0,0,0,0,0,0,0,1,0,0,0
699,Aurorus,rock,ice,0,0,0,0,0,1,0,0,0,0,0,0,0,0,1,0,0,0
700,Sylveon,fairy,,0,0,0,0,0,0,0,0,0,0,1,0,0,0,0,0,0,0
701,Hawlucha,fighting,flying,0,0,0,0,1,0,0,0,0,1,0,0,0,0,0,0,0,0
702,Dedenne,electric,fairy,0,0,0,1,0,0,0,0,0,0,1,0,0,0,0,0,0,0
703,Carbink,rock,fairy,0,0,0,0,0,1,0,0,0,0,1,0,0,0,0,0,0,0
704,Goomy,dragon,,0,0,0,0,0,0,0,0,0,0,0,0,1,0,0,0,0,0
705,Sliggoo,dragon,,0,0,0,0,0,0,0,0,0,0,0,0,1,0,0,0,0,0
706,Goodra,dragon,,0,0,0,0,0,0,0,0,0,0,0,0,1,0,0,0,0,0
707,Klefki,steel,fairy,0,0,0,0,0,0,0,0,1,0,1,0,0,0,0,0,0,0
708,Phantump,ghost,grass,0,0,0,0,0,0,1,0,0,0,0,0,0,0,0,0,0,1
709,Trevenant,ghost,grass,0,0,0,0,0,0,1,0,0,0,0,0,0,0,0,0,0,1
710,Pumpkaboo,ghost,grass,0,0,0,0,0,0,1,0,0,0,0,0,0,0,0,0,0,1
711,Gourgeist,ghost,grass,0,0,0,0,0,0,1,0,0,0,0,0,0,0,0,0,0,1
712,Bergmite,ice,,0,0,0,0,0,0,0,0,0,0,0,0,0,0,1,0,0,0
713,Avalugg,ice,,0,0,0,0,0,0,0,0,0,0,0,0,0,0,1,0,0,0
714,Noibat,flying,dragon,0,0,0,0,1,0,0,0,0,0,0,0,1,0,0,0,0,0
715,Noivern,flying,dragon,0,0,0,0,1,0,0,0,0,0,0,0,1,0,0,0,0,0
716,Xerneas,fairy,,0,0,0,0,0,0,0,0,0,0,1,0,0,0,0,0,0,0
717,Yveltal,dark,flying,1,0,0,0,1,0,0,0,0,0,0,0,0,0,0,0,0,0
718,Zygarde,dragon,ground,0,0,1,0,0,0,0,0,0,0,0,0,1,0,0,0,0,0
719,Diancie,rock,fairy,0,0,0,0,0,1,0,0,0,0,1,0,0,0,0,0,0,0
720,Hoopa,psychic,ghost,0,0,0,0,0,0,1,0,0,0,0,1,0,0,0,0,0,0
721,Volcanion,fire,water,0,1,0,0,0,0,0,1,0,0,0,0,0,0,0,0,0,0
722,Rowlet,grass,flying,0,0,0,0,1,0,0,0,0,0,0,0,0,0,0,0,0,1
723,Dartrix,grass,flying,0,0,0,0,1,0,0,0,0,0,0,0,0,0,0,0,0,1
724,Decidueye,grass,ghost,0,0,0,0,0,0,1,0,0,0,0,0,0,0,0,0,0,1
725,Litten,fire,,0,1,0,0,0,0,0,0,0,0,0,0,0,0,0,0,0,0
726,Torracat,fire,,0,1,0,0,0,0,0,0,0,0,0,0,0,0,0,0,0,0
727,Incineroar,fire,dark,1,1,0,0,0,0,0,0,0,0,0,0,0,0,0,0,0,0
728,Popplio,water,,0,0,0,0,0,0,0,1,0,0,0,0,0,0,0,0,0,0
729,Brionne,water,,0,0,0,0,0,0,0,1,0,0,0,0,0,0,0,0,0,0
730,Primarina,water,fairy,0,0,0,0,0,0,0,1,0,0,1,0,0,0,0,0,0,0
731,Pikipek,normal,flying,0,0,0,0,1,0,0,0,0,0,0,0,0,0,0,0,1,0
732,Trumbeak,normal,flying,0,0,0,0,1,0,0,0,0,0,0,0,0,0,0,0,1,0
733,Toucannon,normal,flying,0,0,0,0,1,0,0,0,0,0,0,0,0,0,0,0,1,0
734,Yungoos,normal,,0,0,0,0,0,0,0,0,0,0,0,0,0,0,0,0,1,0
735,Gumshoos,normal,,0,0,0,0,0,0,0,0,0,0,0,0,0,0,0,0,1,0
736,Grubbin,bug,,0,0,0,0,0,0,0,0,0,0,0,0,0,1,0,0,0,0
737,Charjabug,bug,electric,0,0,0,1,0,0,0,0,0,0,0,0,0,1,0,0,0,0
738,Vikavolt,bug,electric,0,0,0,1,0,0,0,0,0,0,0,0,0,1,0,0,0,0
739,Crabrawler,fighting,,0,0,0,0,0,0,0,0,0,1,0,0,0,0,0,0,0,0
740,Crabominable,fighting,ice,0,0,0,0,0,0,0,0,0,1,0,0,0,0,1,0,0,0
741,Oricorio,fire,flying,0,1,0,0,1,0,0,0,0,0,0,0,0,0,0,0,0,0
742,Cutiefly,bug,fairy,0,0,0,0,0,0,0,0,0,0,1,0,0,1,0,0,0,0
743,Ribombee,bug,fairy,0,0,0,0,0,0,0,0,0,0,1,0,0,1,0,0,0,0
744,Rockruff,rock,,0,0,0,0,0,1,0,0,0,0,0,0,0,0,0,0,0,0
745,Lycanroc,rock,,0,0,0,0,0,1,0,0,0,0,0,0,0,0,0,0,0,0
746,Wishiwashi,water,,0,0,0,0,0,0,0,1,0,0,0,0,0,0,0,0,0,0
747,Mareanie,poison,water,0,0,0,0,0,0,0,1,0,0,0,0,0,0,0,1,0,0
748,Toxapex,poison,water,0,0,0,0,0,0,0,1,0,0,0,0,0,0,0,1,0,0
749,Mudbray,ground,,0,0,1,0,0,0,0,0,0,0,0,0,0,0,0,0,0,0
750,Mudsdale,ground,,0,0,1,0,0,0,0,0,0,0,0,0,0,0,0,0,0,0
751,Dewpider,water,bug,0,0,0,0,0,0,0,1,0,0,0,0,0,1,0,0,0,0
752,Araquanid,water,bug,0,0,0,0,0,0,0,1,0,0,0,0,0,1,0,0,0,0
753,Fomantis,grass,,0,0,0,0,0,0,0,0,0,0,0,0,0,0,0,0,0,1
754,Lurantis,grass,,0,0,0,0,0,0,0,0,0,0,0,0,0,0,0,0,0,1
755,Morelull,grass,fairy,0,0,0,0,0,0,0,0,0,0,1,0,0,0,0,0,0,1
756,Shiinotic,grass,fairy,0,0,0,0,0,0,0,0,0,0,1,0,0,0,0,0,0,1
757,Salandit,poison,fire,0,1,0,0,0,0,0,0,0,0,0,0,0,0,0,1,0,0
758,Salazzle,poison,fire,0,1,0,0,0,0,0,0,0,0,0,0,0,0,0,1,0,0
759,Stufful,normal,fighting,0,0,0,0,0,0,0,0,0,1,0,0,0,0,0,0,1,0
760,Bewear,normal,fighting,0,0,0,0,0,0,0,0,0,1,0,0,0,0,0,0,1,0
761,Bounsweet,grass,,0,0,0,0,0,0,0,0,0,0,0,0,0,0,0,0,0,1
762,Steenee,grass,,0,0,0,0,0,0,0,0,0,0,0,0,0,0,0,0,0,1
763,Tsareena,grass,,0,0,0,0,0,0,0,0,0,0,0,0,0,0,0,0,0,1
764,Comfey,fairy,,0,0,0,0,0,0,0,0,0,0,1,0,0,0,0,0,0,0
765,Oranguru,normal,psychic,0,0,0,0,0,0,0,0,0,0,0,1,0,0,0,0,1,0
766,Passimian,fighting,,0,0,0,0,0,0,0,0,0,1,0,0,0,0,0,0,0,0
767,Wimpod,bug,water,0,0,0,0,0,0,0,1,0,0,0,0,0,1,0,0,0,0
768,Golisopod,bug,water,0,0,0,0,0,0,0,1,0,0,0,0,0,1,0,0,0,0
769,Sandygast,ghost,ground,0,0,1,0,0,0,1,0,0,0,0,0,0,0,0,0,0,0
770,Palossand,ghost,ground,0,0,1,0,0,0,1,0,0,0,0,0,0,0,0,0,0,0
771,Pyukumuku,water,,0,0,0,0,0,0,0,1,0,0,0,0,0,0,0,0,0,0
772,Type: Null,normal,,0,0,0,0,0,0,0,0,0,0,0,0,0,0,0,0,1,0
773,Silvally,normal,,0,0,0,0,0,0,0,0,0,0,0,0,0,0,0,0,1,0
774,Minior,rock,flying,0,0,0,0,1,1,0,0,0,0,0,0,0,0,0,0,0,0
775,Komala,normal,,0,0,0,0,0,0,0,0,0,0,0,0,0,0,0,0,1,0
776,Turtonator,fire,dragon,0,1,0,0,0,0,0,0,0,0,0,0,1,0,0,0,0,0
777,Togedemaru,electric,steel,0,0,0,1,0,0,0,0,1,0,0,0,0,0,0,0,0,0
778,Mimikyu,ghost,fairy,0,0,0,0,0,0,1,0,0,0,1,0,0,0,0,0,0,0
779,Bruxish,water,psychic,0,0,0,0,0,0,0,1,0,0,0,1,0,0,0,0,0,0
780,Drampa,normal,dragon,0,0,0,0,0,0,0,0,0,0,0,0,1,0,0,0,1,0
781,Dhelmise,ghost,grass,0,0,0,0,0,0,1,0,0,0,0,0,0,0,0,0,0,1
782,Jangmo-o,dragon,,0,0,0,0,0,0,0,0,0,0,0,0,1,0,0,0,0,0
783,Hakamo-o,dragon,fighting,0,0,0,0,0,0,0,0,0,1,0,0,1,0,0,0,0,0
784,Kommo-o,dragon,fighting,0,0,0,0,0,0,0,0,0,1,0,0,1,0,0,0,0,0
785,Tapu Koko,electric,fairy,0,0,0,1,0,0,0,0,0,0,1,0,0,0,0,0,0,0
786,Tapu Lele,psychic,fairy,0,0,0,0,0,0,0,0,0,0,1,1,0,0,0,0,0,0
787,Tapu Bulu,grass,fairy,0,0,0,0,0,0,0,0,0,0,1,0,0,0,0,0,0,1
788,Tapu Fini,water,fairy,0,0,0,0,0,0,0,1,0,0,1,0,0,0,0,0,0,0
789,Cosmog,psychic,,0,0,0,0,0,0,0,0,0,0,0,1,0,0,0,0,0,0
790,Cosmoem,psychic,,0,0,0,0,0,0,0,0,0,0,0,1,0,0,0,0,0,0
791,Solgaleo,psychic,steel,0,0,0,0,0,0,0,0,1,0,0,1,0,0,0,0,0,0
792,Lunala,psychic,ghost,0,0,0,0,0,0,1,0,0,0,0,1,0,0,0,0,0,0
793,Nihilego,rock,poison,0,0,0,0,0,1,0,0,0,0,0,0,0,0,0,1,0,0
794,Buzzwole,bug,fighting,0,0,0,0,0,0,0,0,0,1,0,0,0,1,0,0,0,0
795,Pheromosa,bug,fighting,0,0,0,0,0,0,0,0,0,1,0,0,0,1,0,0,0,0
796,Xurkitree,electric,,0,0,0,1,0,0,0,0,0,0,0,0,0,0,0,0,0,0
797,Celesteela,steel,flying,0,0,0,0,1,0,0,0,1,0,0,0,0,0,0,0,0,0
798,Kartana,grass,steel,0,0,0,0,0,0,0,0,1,0,0,0,0,0,0,0,0,1
799,Guzzlord,dark,dragon,1,0,0,0,0,0,0,0,0,0,0,0,1,0,0,0,0,0
800,Necrozma,psychic,,0,0,0,0,0,0,0,0,0,0,0,1,0,0,0,0,0,0
801,Magearna,steel,fairy,0,0,0,0,0,0,0,0,1,0,1,0,0,0,0,0,0,0
